Title,Media URL,Pinterest board,Thumbnail,Description,Link,Publish date,Keywords
Easy Pumpkin Patch Coloring Pages for Ages 2-5,https://raw.githubusercontent.com/edigmine-ai/bigline-pins/main/pins/b9-pip-s-pumpkin-patch-adventure-3.jpg,Printable Coloring Books for Kids,,"Printable pumpkin patch coloring book for toddlers and preschoolers, ages 2-5. 22 pages with extra-thick lines and big simple shapes, no tiny details. Level 3. Instant PDF download in US Letter and A4, print at home as often as you like. Add your child's name on the cover for a sweet gift.",https://www.etsy.com/listing/4585122738,2026-10-05T21:00:00,"toddler coloring pages, pumpkin patch coloring, printable coloring book, preschool activities"
"Big Line Coloring Pages for Toddlers, Thanksgiving Harvest",https://raw.githubusercontent.com/edigmine-ai/bigline-pins/main/pins/b10-pumpkin-patch-fun-2.jpg,Fall Coloring Pages for Toddlers,,"Printable thanksgiving harvest coloring book for toddlers and preschoolers, ages 2-5. 23 pages with extra-thick lines and big simple shapes, no tiny details. Level 3. Instant PDF download in US Letter and A4, print at home as often as you like. Add your child's name on the cover for a sweet gift.",https://www.etsy.com/listing/4585117213,2026-10-05T19:00:00,"toddler coloring pages, thanksgiving harvest coloring, printable coloring book, preschool activities"
Easy Thanksgiving Harvest Coloring Pages for Ages 2-5,https://raw.githubusercontent.com/edigmine-ai/bigline-pins/main/pins/b10-pumpkin-patch-fun-3.jpg,Printable Coloring Books for Kids,,"Printable thanksgiving harvest coloring book for toddlers and preschoolers, ages 2-5. 23 pages with extra-thick lines and big simple shapes, no tiny details. Level 3. Instant PDF download in US Letter and A4, print at home as often as you like. Add your child's name on the cover for a sweet gift.",https://www.etsy.com/listing/4585117213,2026-10-06T19:00:00,"toddler coloring pages, thanksgiving harvest coloring, printable coloring book, preschool activities"
Piffle's Shapes & Toy Journey: Level 3 Toddler Coloring Book,https://raw.githubusercontent.com/edigmine-ai/bigline-pins/main/pins/b12-piffle-s-shapes-toy-journey-1.jpg,Toddler Coloring Pages,,"Printable shapes and toys coloring book for toddlers and preschoolers, ages 2-5. 23 pages with extra-thick lines and big simple shapes, no tiny details. Level 3. Instant PDF download in US Letter and A4, print at home as often as you like. Add your child's name on the cover for a sweet gift.",https://www.etsy.com/listing/4585124057,2026-10-05T20:00:00,"toddler coloring pages, shapes and toys coloring, printable coloring book, preschool activities"
"Big Line Coloring Pages for Toddlers, Shapes And Toys",https://raw.githubusercontent.com/edigmine-ai/bigline-pins/main/pins/b12-piffle-s-shapes-toy-journey-2.jpg,Toddler Coloring Pages,,"Printable shapes and toys coloring book for toddlers and preschoolers, ages 2-5. 23 pages with extra-thick lines and big simple shapes, no tiny details. Level 3. Instant PDF download in US Letter and A4, print at home as often as you like. Add your child's name on the cover for a sweet gift.",https://www.etsy.com/listing/4585124057,2026-10-06T20:00:00,"toddler coloring pages, shapes and toys coloring, printable coloring book, preschool activities"
Easy Shapes And Toys Coloring Pages for Ages 2-5,https://raw.githubusercontent.com/edigmine-ai/bigline-pins/main/pins/b12-piffle-s-shapes-toy-journey-3.jpg,Printable Coloring Books for Kids,,"Printable shapes and toys coloring book for toddlers and preschoolers, ages 2-5. 23 pages with extra-thick lines and big simple shapes, no tiny details. Level 3. Instant PDF download in US Letter and A4, print at home as often as you like. Add your child's name on the cover for a sweet gift.",https://www.etsy.com/listing/4585124057,2026-10-07T20:00:00,"toddler coloring pages, shapes and toys coloring, printable coloring book, preschool activities"
Buddy Bear's Shape Toy Adventure: Level 2 Toddler Coloring Book,https://raw.githubusercontent.com/edigmine-ai/bigline-pins/main/pins/b16-buddy-bear-s-shape-toy-adventure-1.jpg,Toddler Coloring Pages,,"Printable shapes and toys coloring book for toddlers and preschoolers, ages 2-5. 23 pages with extra-thick lines and big simple shapes, no tiny details. Level 2. Instant PDF download in US Letter and A4, print at home as often as you like. Add your child's name on the cover for a sweet gift.",https://www.etsy.com/listing/4585123506,2026-10-06T21:00:00,"toddler coloring pages, shapes and toys coloring, printable coloring book, preschool activities"
"Big Line Coloring Pages for Toddlers, Shapes And Toys",https://raw.githubusercontent.com/edigmine-ai/bigline-pins/main/pins/b16-buddy-bear-s-shape-toy-adventure-2.jpg,Toddler Coloring Pages,,"Printable shapes and toys coloring book for toddlers and preschoolers, ages 2-5. 23 pages with extra-thick lines and big simple shapes, no tiny details. Level 2. Instant PDF download in US Letter and A4, print at home as often as you like. Add your child's name on the cover for a sweet gift.",https://www.etsy.com/listing/4585123506,2026-10-07T21:00:00,"toddler coloring pages, shapes and toys coloring, printable coloring book, preschool activities"
Easy Shapes And Toys Coloring Pages for Ages 2-5,https://raw.githubusercontent.com/edigmine-ai/bigline-pins/main/pins/b16-buddy-bear-s-shape-toy-adventure-3.jpg,Printable Coloring Books for Kids,,"Printable shapes and toys coloring book for toddlers and preschoolers, ages 2-5. 23 pages with extra-thick lines and big simple shapes, no tiny details. Level 2. Instant PDF download in US Letter and A4, print at home as often as you like. Add your child's name on the cover for a sweet gift.",https://www.etsy.com/listing/4585123506,2026-10-08T21:00:00,"toddler coloring pages, shapes and toys coloring, printable coloring book, preschool activities"
Pip's Forest Friends: Level 3 Toddler Coloring Book,https://raw.githubusercontent.com/edigmine-ai/bigline-pins/main/pins/b18-pip-s-forest-friends-1.jpg,Toddler Coloring Pages,,"Printable forest friends coloring book for toddlers and preschoolers, ages 2-5. 23 pages with extra-thick lines and big simple shapes, no tiny details. Level 3. Instant PDF download in US Letter and A4, print at home as often as you like. Add your child's name on the cover for a sweet gift.",https://www.etsy.com/listing/4585512893,2026-10-07T19:00:00,"toddler coloring pages, forest friends coloring, printable coloring book, preschool activities"
"Big Line Coloring Pages for Toddlers, Forest Friends",https://raw.githubusercontent.com/edigmine-ai/bigline-pins/main/pins/b18-pip-s-forest-friends-2.jpg,Toddler Coloring Pages,,"Printable forest friends coloring book for toddlers and preschoolers, ages 2-5. 23 pages with extra-thick lines and big simple shapes, no tiny details. Level 3. Instant PDF download in US Letter and A4, print at home as often as you like. Add your child's name on the cover for a sweet gift.",https://www.etsy.com/listing/4585512893,2026-10-08T19:00:00,"toddler coloring pages, forest friends coloring, printable coloring book, preschool activities"
Easy Forest Friends Coloring Pages for Ages 2-5,https://raw.githubusercontent.com/edigmine-ai/bigline-pins/main/pins/b18-pip-s-forest-friends-3.jpg,Printable Coloring Books for Kids,,"Printable forest friends coloring book for toddlers and preschoolers, ages 2-5. 23 pages with extra-thick lines and big simple shapes, no tiny details. Level 3. Instant PDF download in US Letter and A4, print at home as often as you like. Add your child's name on the cover for a sweet gift.",https://www.etsy.com/listing/4585512893,2026-10-09T19:00:00,"toddler coloring pages, forest friends coloring, printable coloring book, preschool activities"
Easy Christmas Tree And Presents Coloring Pages for Ages 2-5,https://raw.githubusercontent.com/edigmine-ai/bigline-pins/main/pins/21-hazel-hedgehog-s-christmas-present-adventure-3.jpg,Printable Coloring Books for Kids,,"Printable Christmas tree and presents coloring book for toddlers and preschoolers, ages 2-5. 23 pages with extra-thick lines and big simple shapes, no tiny details. Level 3. Instant PDF download in US Letter and A4, print at home as often as you like. Add your child's name on the cover for a sweet gift. Buy 2+ books, save 20%; 10% off your first order with code BIGLINE10.",https://www.etsy.com/listing/4586754358,2026-10-05T19:00:00,"toddler coloring pages, Christmas tree and presents coloring, printable coloring book, preschool activities"
Easy Pets At Home Coloring Pages for Ages 2-5,https://raw.githubusercontent.com/edigmine-ai/bigline-pins/main/pins/22-dot-duck-s-pet-fun-3.jpg,Printable Coloring Books for Kids,,"Printable pets at home coloring book for toddlers and preschoolers, ages 2-5. 22 pages with extra-thick lines and big simple shapes, no tiny details. Level 1. Instant PDF download in US Letter and A4, print at home as often as you like. Add your child's name on the cover for a sweet gift. Buy 2+ books, save 20%; 10% off your first order with code BIGLINE10.",https://www.etsy.com/listing/4586896837,2026-10-05T19:00:00,"toddler coloring pages, pets at home coloring, printable coloring book, preschool activities"
"Big Line Coloring Pages for Toddlers, Cute Not-Scary Halloween Costume Party",https://raw.githubusercontent.com/edigmine-ai/bigline-pins/main/pins/23-barnaby-bear-s-costume-party-fun-2.jpg,Halloween Coloring Pages for Toddlers,,"Printable cute not-scary Halloween costume party coloring book for toddlers and preschoolers, ages 2-5. 21 pages with extra-thick lines and big simple shapes, no tiny details. Level 2. Instant PDF download in US Letter and A4, print at home as often as you like. Add your child's name on the cover for a sweet gift. Every book $3.99, bundles of 4 books $9.99.",https://www.etsy.com/listing/4587381943,2026-10-05T19:00:00,"toddler coloring pages, cute not-scary Halloween costume party coloring, printable coloring book, preschool activities"
Easy Cute Not-Scary Halloween Costume Party Coloring Pages for Ages 2-5,https://raw.githubusercontent.com/edigmine-ai/bigline-pins/main/pins/23-barnaby-bear-s-costume-party-fun-3.jpg,Printable Coloring Books for Kids,,"Printable cute not-scary Halloween costume party coloring book for toddlers and preschoolers, ages 2-5. 21 pages with extra-thick lines and big simple shapes, no tiny details. Level 2. Instant PDF download in US Letter and A4, print at home as often as you like. Add your child's name on the cover for a sweet gift. Every book $3.99, bundles of 4 books $9.99.",https://www.etsy.com/listing/4587381943,2026-10-06T19:00:00,"toddler coloring pages, cute not-scary Halloween costume party coloring, printable coloring book, preschool activities"
Bonnie Bunny's Construction Fun: Level 3 Toddler Coloring Book,https://raw.githubusercontent.com/edigmine-ai/bigline-pins/main/pins/24-bonnie-bunny-s-construction-fun-1.jpg,Toddler Coloring Pages,,"Printable construction site coloring book for toddlers and preschoolers, ages 2-5. 21 pages with extra-thick lines and big simple shapes, no tiny details. Level 3. Instant PDF download in US Letter and A4, print at home as often as you like. Add your child's name on the cover for a sweet gift. Every book $3.99, bundles of 4 books $9.99.",https://www.etsy.com/listing/4588025856,2026-10-05T19:00:00,"toddler coloring pages, construction site coloring, printable coloring book, preschool activities"
"Big Line Coloring Pages for Toddlers, Construction Site",https://raw.githubusercontent.com/edigmine-ai/bigline-pins/main/pins/24-bonnie-bunny-s-construction-fun-2.jpg,Toddler Coloring Pages,,"Printable construction site coloring book for toddlers and preschoolers, ages 2-5. 21 pages with extra-thick lines and big simple shapes, no tiny details. Level 3. Instant PDF download in US Letter and A4, print at home as often as you like. Add your child's name on the cover for a sweet gift. Every book $3.99, bundles of 4 books $9.99.",https://www.etsy.com/listing/4588025856,2026-10-06T19:00:00,"toddler coloring pages, construction site coloring, printable coloring book, preschool activities"
Easy Construction Site Coloring Pages for Ages 2-5,https://raw.githubusercontent.com/edigmine-ai/bigline-pins/main/pins/24-bonnie-bunny-s-construction-fun-3.jpg,Printable Coloring Books for Kids,,"Printable construction site coloring book for toddlers and preschoolers, ages 2-5. 21 pages with extra-thick lines and big simple shapes, no tiny details. Level 3. Instant PDF download in US Letter and A4, print at home as often as you like. Add your child's name on the cover for a sweet gift. Every book $3.99, bundles of 4 books $9.99.",https://www.etsy.com/listing/4588025856,2026-10-07T19:00:00,"toddler coloring pages, construction site coloring, printable coloring book, preschool activities"
Hazel Hedgehog's Friendly Ghost Fun: Level 1 Toddler Coloring Book,https://raw.githubusercontent.com/edigmine-ai/bigline-pins/main/pins/25-hazel-hedgehog-s-friendly-ghost-fun-1.jpg,Toddler Coloring Pages,,"Printable friendly little ghosts coloring book for toddlers and preschoolers, ages 2-5. 23 pages with extra-thick lines and big simple shapes, no tiny details. Level 1. Instant PDF download in US Letter and A4, print at home as often as you like. Add your child's name on the cover for a sweet gift. Every book $3.99, bundles of 4 books $9.99.",https://www.etsy.com/listing/4588779387,2026-10-06T19:00:00,"toddler coloring pages, friendly little ghosts coloring, printable coloring book, preschool activities"
"Big Line Coloring Pages for Toddlers, Friendly Little Ghosts",https://raw.githubusercontent.com/edigmine-ai/bigline-pins/main/pins/25-hazel-hedgehog-s-friendly-ghost-fun-2.jpg,Toddler Coloring Pages,,"Printable friendly little ghosts coloring book for toddlers and preschoolers, ages 2-5. 23 pages with extra-thick lines and big simple shapes, no tiny details. Level 1. Instant PDF download in US Letter and A4, print at home as often as you like. Add your child's name on the cover for a sweet gift. Every book $3.99, bundles of 4 books $9.99.",https://www.etsy.com/listing/4588779387,2026-10-07T19:00:00,"toddler coloring pages, friendly little ghosts coloring, printable coloring book, preschool activities"
Easy Friendly Little Ghosts Coloring Pages for Ages 2-5,https://raw.githubusercontent.com/edigmine-ai/bigline-pins/main/pins/25-hazel-hedgehog-s-friendly-ghost-fun-3.jpg,Printable Coloring Books for Kids,,"Printable friendly little ghosts coloring book for toddlers and preschoolers, ages 2-5. 23 pages with extra-thick lines and big simple shapes, no tiny details. Level 1. Instant PDF download in US Letter and A4, print at home as often as you like. Add your child's name on the cover for a sweet gift. Every book $3.99, bundles of 4 books $9.99.",https://www.etsy.com/listing/4588779387,2026-10-08T19:00:00,"toddler coloring pages, friendly little ghosts coloring, printable coloring book, preschool activities"
Dot Duck's Royal Castle Fun: Level 2 Toddler Coloring Book,https://raw.githubusercontent.com/edigmine-ai/bigline-pins/main/pins/26-dot-duck-s-royal-castle-fun-1.jpg,Toddler Coloring Pages,,"Printable little princess castle coloring book for toddlers and preschoolers, ages 2-5. 22 pages with extra-thick lines and big simple shapes, no tiny details. Level 2. Instant PDF download in US Letter and A4, print at home as often as you like. Add your child's name on the cover for a sweet gift. Every book $3.99, bundles of 4 books $9.99.",https://www.etsy.com/listing/4589489708,2026-10-07T19:00:00,"toddler coloring pages, little princess castle coloring, printable coloring book, preschool activities"
"Big Line Coloring Pages for Toddlers, Little Princess Castle",https://raw.githubusercontent.com/edigmine-ai/bigline-pins/main/pins/26-dot-duck-s-royal-castle-fun-2.jpg,Toddler Coloring Pages,,"Printable little princess castle coloring book for toddlers and preschoolers, ages 2-5. 22 pages with extra-thick lines and big simple shapes, no tiny details. Level 2. Instant PDF download in US Letter and A4, print at home as often as you like. Add your child's name on the cover for a sweet gift. Every book $3.99, bundles of 4 books $9.99.",https://www.etsy.com/listing/4589489708,2026-10-08T19:00:00,"toddler coloring pages, little princess castle coloring, printable coloring book, preschool activities"
Easy Little Princess Castle Coloring Pages for Ages 2-5,https://raw.githubusercontent.com/edigmine-ai/bigline-pins/main/pins/26-dot-duck-s-royal-castle-fun-3.jpg,Printable Coloring Books for Kids,,"Printable little princess castle coloring book for toddlers and preschoolers, ages 2-5. 22 pages with extra-thick lines and big simple shapes, no tiny details. Level 2. Instant PDF download in US Letter and A4, print at home as often as you like. Add your child's name on the cover for a sweet gift. Every book $3.99, bundles of 4 books $9.99.",https://www.etsy.com/listing/4589489708,2026-10-09T19:00:00,"toddler coloring pages, little princess castle coloring, printable coloring book, preschool activities"
Barnaby Bear's Trick-or-Treat Fun: Level 3 Toddler Coloring Book,https://raw.githubusercontent.com/edigmine-ai/bigline-pins/main/pins/27-barnaby-bear-s-trick-or-treat-fun-1.jpg,Toddler Coloring Pages,,"Printable trick or treat friends coloring book for toddlers and preschoolers, ages 2-5. 23 pages with extra-thick lines and big simple shapes, no tiny details. Level 3. Instant PDF download in US Letter and A4, print at home as often as you like. Add your child's name on the cover for a sweet gift. Every book $3.99, bundles save about 30%.",https://www.etsy.com/listing/4590052287,2026-10-08T19:00:00,"toddler coloring pages, trick or treat friends coloring, printable coloring book, preschool activities"
"Big Line Coloring Pages for Toddlers, Trick Or Treat Friends",https://raw.githubusercontent.com/edigmine-ai/bigline-pins/main/pins/27-barnaby-bear-s-trick-or-treat-fun-2.jpg,Toddler Coloring Pages,,"Printable trick or treat friends coloring book for toddlers and preschoolers, ages 2-5. 23 pages with extra-thick lines and big simple shapes, no tiny details. Level 3. Instant PDF download in US Letter and A4, print at home as often as you like. Add your child's name on the cover for a sweet gift. Every book $3.99, bundles save about 30%.",https://www.etsy.com/listing/4590052287,2026-10-09T19:00:00,"toddler coloring pages, trick or treat friends coloring, printable coloring book, preschool activities"
Easy Trick Or Treat Friends Coloring Pages for Ages 2-5,https://raw.githubusercontent.com/edigmine-ai/bigline-pins/main/pins/27-barnaby-bear-s-trick-or-treat-fun-3.jpg,Printable Coloring Books for Kids,,"Printable trick or treat friends coloring book for toddlers and preschoolers, ages 2-5. 23 pages with extra-thick lines and big simple shapes, no tiny details. Level 3. Instant PDF download in US Letter and A4, print at home as often as you like. Add your child's name on the cover for a sweet gift. Every book $3.99, bundles save about 30%.",https://www.etsy.com/listing/4590052287,2026-10-10T19:00:00,"toddler coloring pages, trick or treat friends coloring, printable coloring book, preschool activities"
